modul|tests|pass|fail|error|skip
powermock-api/powermock-api-mockito2|6|6|0|0|0
powermock-classloading/powermock-classloading-objenesis|10|0|0|0|10
powermock-classloading/powermock-classloading-xstream|15|15|0|0|0
powermock-core|185|150|0|0|35
powermock-modules/powermock-module-junit4|11|11|0|0|0
powermock-modules/powermock-module-junit4-common|6|6|0|0|0
powermock-reflect|120|118|0|0|2
tests/easymock/junit4|304|299|0|0|5
tests/easymock/junit4-agent|6|6|0|0|0
tests/easymock/junit4-legacy|18|18|0|0|0
tests/easymock/junit410|43|42|0|0|1
tests/easymock/junit412|47|47|0|0|0
tests/easymock/junit45|3|3|0|0|0
tests/easymock/junit47|45|45|0|0|0
tests/easymock/junit48|44|43|0|0|1
tests/easymock/testng|24|24|0|0|0
tests/easymock/testng-agent|22|22|0|0|0
tests/java11/mockito-junit4|1|1|0|0|0
tests/java8/easymock-junit4|1|1|0|0|0
tests/java8/mockito-junit4|6|6|0|0|0
tests/java8/mockito-junit4-agent|1|1|0|0|0
tests/java8/mockito-junit4-rule-xstream|1|1|0|0|0
tests/junit4|11|11|0|0|0
tests/mockito/inline|6|4|0|0|2
tests/mockito/junit4|232|230|0|0|2
tests/mockito/junit4-agent|129|125|0|0|4
tests/mockito/junit4-delegate|112|112|0|0|0
tests/mockito/junit4-rule-objenesis|93|39|0|0|54
tests/mockito/junit4-rule-xstream|94|85|0|0|9
tests/mockito/junit49|1|1|0|0|0
tests/mockito/testng|1|1|0|0|0
tests/testng|1|1|0|0|0
TOTAL|1599|1474|0|0|125
